{
    "math": [
        {"pattern": "123", "action": "321", "tier": 0, "fitness": 1.0},
        {"pattern": "314", "action": "3141", "tier": 1, "fitness": 1.0},
        {"pattern": "271", "action": "2718", "tier": 1, "fitness": 1.0},
        {"pattern": "sqrt", "action": "2", "tier": 1, "fitness": 0.8}
    ],
    "text": [
        {"pattern": "abc", "action": "cba", "tier": 0, "fitness": 1.0},
        {"pattern": "hello", "action": "world", "tier": 1, "fitness": 1.0},
        {"pattern": "ask", "action": "answer", "tier": 1, "fitness": 0.9}
    ],
    "logic": [
        {"pattern": "if0", "action": "then1", "tier": 0, "fitness": 1.0},
        {"pattern": "true", "action": "1", "tier": 1, "fitness": 1.0},
        {"pattern": "false", "action": "0", "tier": 1, "fitness": 1.0}
    ],
    "memory": [
        {"pattern": "save", "action": "store", "tier": 0, "fitness": 1.0},
        {"pattern": "load", "action": "read", "tier": 1, "fitness": 1.0},
        {"pattern": "cache", "action": "fast", "tier": 1, "fitness": 0.9}
    ]
}
