[{"task":"привет","response":"Результат: привет + 0.80 (Эффективность: 153.00%)","effectiveness":1.5299999713897705,"rating":0,"timestamp":1756989836},{"task":"привет олень","response":"Результат: привет олень + 0.80 (Эффективность: 124.00%)","effectiveness":1.2400000095367432,"rating":0,"timestamp":1756989848},{"task":"привет олень как дела","response":"Результат: привет олень как дела + -0.50 (Эффективность: -10.00%)","effectiveness":-0.10000000149011612,"rating":0,"timestamp":1756989856},{"task":"привет олень как дела","response":"Результат: привет олень как дела + -0.70 (Эффективность: 17.00%)","effectiveness":0.17000000178813934,"rating":0,"timestamp":1756989859},{"task":"привет олень как дела","response":"Результат: привет олень как дела + 0.20 (Эффективность: 60.00%)","effectiveness":0.60000002384185791,"rating":0,"timestamp":1756989860},{"task":"привет олень как дела","response":"Результат: привет олень как дела + 0.70 (Эффективность: 79.00%)","effectiveness":0.79000002145767212,"rating":0,"timestamp":1756989860},{"task":"привет олень как дела","response":"Результат: привет олень как дела + 0.80 (Эффективность: 179.00%)","effectiveness":1.7899999618530273,"rating":0,"timestamp":1756989861},{"task":"привет олень как дела","response":"Результат: привет олень как дела + -0.40 (Эффективность: 57.00%)","effectiveness":0.56999999284744263,"rating":0,"timestamp":1756989861},{"task":"привет олень как дела","response":"Результат: привет олень как дела + 0.30 (Эффективность: 40.00%)","effectiveness":0.40000000596046448,"rating":0,"timestamp":1756989861},{"task":"привет олень как дела","response":"Результат: привет олень как дела + -0.90 (Эффективность: -11.00%)","effectiveness":-0.10999999940395355,"rating":0,"timestamp":1756989862},{"task":"привет олень как дела","response":"Результат: привет олень как дела + 0.60 (Эффективность: 153.00%)","effectiveness":1.5299999713897705,"rating":0,"timestamp":1756989862},{"task":"привет олень как дела","response":"Результат: привет олень как дела + 0.10 (Эффективность: 38.00%)","effectiveness":0.37999999523162842,"rating":0,"timestamp":1756989862},{"task":"привет олень как дела","response":"Результат: привет олень как дела + 0.30 (Эффективность: 31.00%)","effectiveness":0.31000000238418579,"rating":0,"timestamp":1756989862},{"task":"привет олень как дела","response":"Результат: привет олень как дела + 0.00 (Эффективность: 68.00%)","effectiveness":0.68000000715255737,"rating":0,"timestamp":1756989863},{"task":"привет олень как дела","response":"Результат: привет олень как дела + -0.70 (Эффективность: -40.00%)","effectiveness":-0.40000000596046448,"rating":0,"timestamp":1756989863},{"task":"привет олень как дела","response":"Результат: привет олень как дела + -0.60 (Эффективность: -11.00%)","effectiveness":-0.10999999940395355,"rating":0,"timestamp":1756989863},{"task":"привет олень как дела","response":"Результат: привет олень как дела + -0.20 (Эффективность: 57.00%)","effectiveness":0.56999999284744263,"rating":0,"timestamp":1756989863},{"task":"привет олень как дела","response":"Результат: привет олень как дела + -0.90 (Эффективность: 8.00%)","effectiveness":0.079999998211860657,"rating":0,"timestamp":1756989864},{"task":"привет олень как дела","response":"Результат: привет олень как дела + 0.40 (Эффективность: 105.00%)","effectiveness":1.0499999523162842,"rating":0,"timestamp":1756989864},{"task":"привет олень как дела","response":"Результат: привет олень как дела + -0.10 (Эффективность: 15.00%)","effectiveness":0.15000000596046448,"rating":0,"timestamp":1756989864},{"task":"привет олень как дела","response":"Результат: привет олень как дела + -0.90 (Эффективность: -61.00%)","effectiveness":-0.61000001430511475,"rating":0,"timestamp":1756989864},{"task":"привет олень как дела","response":"Результат: привет олень как дела + -0.60 (Эффективность: -55.00%)","effectiveness":-0.55000001192092896,"rating":0,"timestamp":1756989865},{"task":"привет олень как дела","response":"Результат: привет олень как дела + -0.70 (Эффективность: 18.00%)","effectiveness":0.18000000715255737,"rating":0,"timestamp":1756989865},{"task":"привет олень как дела","response":"Результат: привет олень как дела + -0.40 (Эффективность: 12.00%)","effectiveness":0.11999999731779099,"rating":0,"timestamp":1756989865},{"task":"привет олень как дела","response":"Результат: привет олень как дела + -0.60 (Эффективность: -22.00%)","effectiveness":-0.2199999988079071,"rating":0,"timestamp":1756989865},{"task":"привет олень как дела","response":"Результат: привет олень как дела + -0.20 (Эффективность: 51.00%)","effectiveness":0.50999999046325684,"rating":0,"timestamp":1756989866},{"task":"привет","response":"Результат: привет + 0.70 (Эффективность: 147.00%)","effectiveness":1.4700000286102295,"rating":5,"timestamp":1756991298},{"task":"привет","response":"Результат: привет + 0.10 (Эффективность: 88.00%)","effectiveness":0.87999999523162842,"rating":0,"timestamp":1756991305},{"task":"привет","response":"Результат: привет + 0.80 (Эффективность: 171.00%)","effectiveness":1.7100000381469727,"rating":0,"timestamp":1756991308},{"task":"привет","response":"Результат: привет + 0.20 (Эффективность: 127.50%)","effectiveness":1.2749999761581421,"rating":0,"timestamp":1756991309},{"task":"привет","response":"Результат: привет + -0.20 (Эффективность: 100.50%)","effectiveness":1.0049999952316284,"rating":0,"timestamp":1756991310},{"task":"привет","response":"Результат: привет + 0.00 (Эффективность: 80.00%)","effectiveness":0.80000001192092896,"rating":0,"timestamp":1756991310},{"task":"привет","response":"Результат: привет + -0.50 (Эффективность: 44.50%)","effectiveness":0.44500002264976501,"rating":0,"timestamp":1756991311},{"task":"привет","response":"Результат: привет + -0.90 (Эффективность: 17.00%)","effectiveness":0.17000001668930054,"rating":0,"timestamp":1756991311},{"task":"привет","response":"Результат: привет + -0.90 (Эффективность: 19.00%)","effectiveness":0.1900000125169754,"rating":0,"timestamp":1756991312},{"task":"привет","response":"Результат: привет + 0.70 (Эффективность: 162.50%)","effectiveness":1.625,"rating":0,"timestamp":1756991312},{"task":"привет","response":"Результат: привет + 0.90 (Эффективность: 183.50%)","effectiveness":1.8350000381469727,"rating":0,"timestamp":1756991313},{"task":"привет","response":"Результат: привет + 0.80 (Эффективность: 189.50%)","effectiveness":1.8949999809265137,"rating":0,"timestamp":1756991313},{"task":"привет","response":"Результат: привет + -0.70 (Эффективность: 30.50%)","effectiveness":0.30500000715255737,"rating":0,"timestamp":1756991314},{"task":"привет","response":"Результат: привет + -0.40 (Эффективность: 36.00%)","effectiveness":0.36000001430511475,"rating":0,"timestamp":1756991314},{"task":"привет","response":"Результат: привет + 0.00 (Эффективность: 80.00%)","effectiveness":0.80000001192092896,"rating":0,"timestamp":1756991315},{"task":"привет","response":"Результат: привет + -0.60 (Эффективность: 23.50%)","effectiveness":0.23500001430511475,"rating":0,"timestamp":1756991315},{"task":"привет","response":"Результат: привет + 0.40 (Эффективность: 126.50%)","effectiveness":1.2649999856948853,"rating":0,"timestamp":1756991315},{"task":"привет","response":"Результат: привет + 0.00 (Эффективность: 95.50%)","effectiveness":0.95500004291534424,"rating":0,"timestamp":1756991316},{"task":"привет","response":"Результат: привет + -0.30 (Эффективность: 55.00%)","effectiveness":0.55000001192092896,"rating":0,"timestamp":1756991316},{"task":"привет","response":"Результат: привет + 0.90 (Эффективность: 199.50%)","effectiveness":1.9950000047683716,"rating":0,"timestamp":1756991317},{"task":"привет","response":"Результат: привет + -0.50 (Эффективность: 71.50%)","effectiveness":0.71500003337860107,"rating":0,"timestamp":1756991317},{"task":"привет","response":"Результат: привет + -0.20 (Эффективность: 75.50%)","effectiveness":0.75499999523162842,"rating":0,"timestamp":1756991317},{"task":"привет","response":"Результат: привет + 0.40 (Эффективность: 126.00%)","effectiveness":1.2599999904632568,"rating":0,"timestamp":1756991318},{"task":"привет","response":"Результат: привет + 0.20 (Эффективность: 133.00%)","effectiveness":1.3300000429153442,"rating":0,"timestamp":1756991318},{"task":"привет","response":"Результат: привет + 0.60 (Эффективность: 142.50%)","effectiveness":1.4250000715255737,"rating":0,"timestamp":1756991319},{"task":"привет","response":"Результат: привет + 0.30 (Эффективность: 149.00%)","effectiveness":1.4900000095367432,"rating":0,"timestamp":1756991319},{"task":"привет","response":"Результат: привет + -0.30 (Эффективность: 70.00%)","effectiveness":0.69999998807907104,"rating":0,"timestamp":1756991319},{"task":"привет","response":"Результат: привет + 0.10 (Эффективность: 114.50%)","effectiveness":1.1449999809265137,"rating":0,"timestamp":1756991320},{"task":"привет","response":"Результат: привет + -0.50 (Эффективность: 54.00%)","effectiveness":0.54000002145767212,"rating":0,"timestamp":1756991320},{"task":"привет","response":"Результат: привет + 0.60 (Эффективность: 181.00%)","effectiveness":1.8100000619888306,"rating":0,"timestamp":1756991321},{"task":"привет","response":"Результат: привет + 0.10 (Эффективность: 120.50%)","effectiveness":1.2050000429153442,"rating":0,"timestamp":1756991321},{"task":"привет","response":"Результат: привет + -1.00 (Эффективность: 9.50%)","effectiveness":0.095000013709068298,"rating":0,"timestamp":1756991322},{"task":"привет","response":"Результат: привет + -0.10 (Эффективность: 91.00%)","effectiveness":0.9100000262260437,"rating":0,"timestamp":1756991322},{"task":"привет","response":"Результат: привет + -0.10 (Эффективность: 110.00%)","effectiveness":1.1000000238418579,"rating":0,"timestamp":1756991323},{"task":"привет","response":"Результат: привет + -0.40 (Эффективность: 61.00%)","effectiveness":0.61000001430511475,"rating":0,"timestamp":1756991323},{"task":"привет","response":"Результат: привет + -0.20 (Эффективность: 91.50%)","effectiveness":0.91500002145767212,"rating":0,"timestamp":1756991324},{"task":"привет","response":"Результат: привет + 0.80 (Эффективность: 175.50%)","effectiveness":1.7549999952316284,"rating":0,"timestamp":1756991324},{"task":"1","response":"Результат: 1 + -0.10 (Эффективность: 41.00%)","effectiveness":0.40999999642372131,"rating":0,"timestamp":1756991708},{"task":"1","response":"Результат: 1 + 0.40 (Эффективность: 71.00%)","effectiveness":0.70999997854232788,"rating":0,"timestamp":1756991709},{"task":"1","response":"Результат: 1 + -1.00 (Эффективность: -91.00%)","effectiveness":-0.9100000262260437,"rating":0,"timestamp":1756991710},{"task":"1","response":"Результат: 1 + -1.00 (Эффективность: -46.00%)","effectiveness":-0.46000000834465027,"rating":0,"timestamp":1756991711},{"task":"1","response":"Результат: 1 + 0.80 (Эффективность: 153.00%, Сложность: 100.00)","effectiveness":1.5299999713897705,"rating":0,"timestamp":1756992000,"complexity":1.0,"cluster_id":0},{"task":"16","response":"Результат: 16 + 0.80 (Эффективность: 124.00%, Сложность: 75.00)","effectiveness":1.2400000095367432,"rating":0,"timestamp":1756992008,"complexity":0.75,"cluster_id":1},{"task":"16","response":"Результат: 16 + -0.50 (Эффективность: -10.00%, Сложность: 75.00)","effectiveness":-0.10000000149011612,"rating":0,"timestamp":1756992009,"complexity":0.75,"cluster_id":1},{"task":"16","response":"Результат: 16 + -0.70 (Эффективность: 17.00%, Сложность: 75.00)","effectiveness":0.17000000178813934,"rating":0,"timestamp":1756992010,"complexity":0.75,"cluster_id":1},{"task":"16","response":"Результат: 16 + 0.20 (Эффективность: 60.00%, Сложность: 75.00)","effectiveness":0.60000002384185791,"rating":0,"timestamp":1756992011,"complexity":0.75,"cluster_id":1},{"task":"16","response":"Результат: 16 + 0.70 (Эффективность: 79.00%, Сложность: 75.00)","effectiveness":0.79000002145767212,"rating":0,"timestamp":1756992012,"complexity":0.75,"cluster_id":1},{"task":"16","response":"Результат: 16 + 0.80 (Эффективность: 179.00%, Сложность: 75.00)","effectiveness":1.7899999618530273,"rating":0,"timestamp":1756992012,"complexity":0.75,"cluster_id":1},{"task":"16","response":"Результат: 16 + -0.40 (Эффективность: 57.00%, Сложность: 75.00)","effectiveness":0.56999999284744263,"rating":0,"timestamp":1756992013,"complexity":0.75,"cluster_id":1},{"task":"7816","response":"Результат: 7816 + 0.30 (Эффективность: 40.00%, Сложность: 62.50)","effectiveness":0.40000000596046448,"rating":0,"timestamp":1756992018,"complexity":0.625,"cluster_id":1},{"task":"привет7816","response":"Результат: привет7816 + -0.90 (Эффективность: 10.00%, Сложность: 15.62)","effectiveness":0.10000000149011612,"rating":0,"timestamp":1756992029,"complexity":0.15625,"cluster_id":0},{"task":"привет7816","response":"Результат: привет7816 + 0.60 (Эффективность: 160.00%, Сложность: 15.62)","effectiveness":1.6000000238418579,"rating":0,"timestamp":1756992096,"complexity":0.15625,"cluster_id":0},{"task":"привет","response":"Результат: привет + 0.10 (Эффективность: 97.96%, Сложность: 4.17)","effectiveness":0.9795573353767395,"rating":0,"timestamp":1756992103,"complexity":0.041666667908430099,"cluster_id":0},{"task":"привет","response":"Результат: привет + 0.30 (Эффективность: 103.89%, Сложность: 4.17)","effectiveness":1.0389323234558105,"rating":0,"timestamp":1756992104,"complexity":0.041666667908430099,"cluster_id":0},{"task":"привет","response":"Результат: привет + 0.00 (Эффективность: 100.00%, Сложность: 4.17)","effectiveness":1.0,"rating":0,"timestamp":1756992105,"complexity":0.041666667908430099,"cluster_id":0},{"task":"привет","response":"Результат: привет + -0.70 (Эффективность: 19.00%, Сложность: 4.17)","effectiveness":0.18997396528720856,"rating":0,"timestamp":1756992106,"complexity":0.041666667908430099,"cluster_id":0},{"task":"привет","response":"Результат: привет + -0.60 (Эффективность: 38.89%, Сложность: 4.17)","effectiveness":0.38893231749534607,"rating":0,"timestamp":1756992106,"complexity":0.041666667908430099,"cluster_id":0},{"task":"привет","response":"Результат: привет + -0.20 (Эффективность: 80.00%, Сложность: 4.17)","effectiveness":0.80000001192092896,"rating":0,"timestamp":1756992107,"complexity":0.041666667908430099,"cluster_id":0},{"task":"привет","response":"Результат: привет + -0.90 (Эффективность: 10.00%, Сложность: 4.17)","effectiveness":0.10000000149011612,"rating":0,"timestamp":1756992107,"complexity":0.041666667908430099,"cluster_id":0},{"task":"привет","response":"Результат: привет + 0.40 (Эффективность: 140.00%, Сложность: 4.17)","effectiveness":1.3999999761581421,"rating":0,"timestamp":1756992108,"complexity":0.041666667908430099,"cluster_id":0},{"task":"привет","response":"Результат: привет + -0.10 (Эффективность: 76.39%, Сложность: 4.17)","effectiveness":0.76393228769302368,"rating":0,"timestamp":1756992108,"complexity":0.041666667908430099,"cluster_id":0},{"task":"привет","response":"Результат: привет + -0.90 (Эффективность: -1.52%, Сложность: 4.17)","effectiveness":-0.015234360471367836,"rating":0,"timestamp":1756992108,"complexity":0.041666667908430099,"cluster_id":0},{"task":"привет","response":"Результат: привет + -0.60 (Эффективность: 15.98%, Сложность: 4.17)","effectiveness":0.15976564586162567,"rating":0,"timestamp":1756992109,"complexity":0.041666667908430099,"cluster_id":0},{"task":"привет","response":"Результат: привет + -0.70 (Эффективность: 30.00%, Сложность: 4.17)","effectiveness":0.30000001192092896,"rating":0,"timestamp":1756992109,"complexity":0.041666667908430099,"cluster_id":0},{"task":"привет","response":"Результат: привет + -0.40 (Эффективность: 60.00%, Сложность: 4.17)","effectiveness":0.60000002384185791,"rating":0,"timestamp":1756992109,"complexity":0.041666667908430099,"cluster_id":0},{"task":"привет","response":"Результат: привет + -0.60 (Эффективность: 33.16%, Сложность: 4.17)","effectiveness":0.33164063096046448,"rating":0,"timestamp":1756992110,"complexity":0.041666667908430099,"cluster_id":0},{"task":"привет","response":"Результат: привет + -0.20 (Эффективность: 80.00%, Сложность: 4.17)","effectiveness":0.80000001192092896,"rating":0,"timestamp":1756992110,"complexity":0.041666667908430099,"cluster_id":0},{"task":"привет","response":"Результат: привет + 0.70 (Эффективность: 170.00%, Сложность: 4.17)","effectiveness":1.7000000476837158,"rating":0,"timestamp":1756992110,"complexity":0.041666667908430099,"cluster_id":0},{"task":"привет","response":"Результат: привет + 0.10 (Эффективность: 88.06%, Сложность: 4.17)","effectiveness":0.88059896230697632,"rating":0,"timestamp":1756992111,"complexity":0.041666667908430099,"cluster_id":0},{"task":"привет","response":"Результат: привет + 0.80 (Эффективность: 171.60%, Сложность: 4.17)","effectiveness":1.7160156965255737,"rating":0,"timestamp":1756992111,"complexity":0.041666667908430099,"cluster_id":0},{"task":"привет","response":"Результат: привет + 0.20 (Эффективность: 120.00%, Сложность: 4.17)","effectiveness":1.2000000476837158,"rating":0,"timestamp":1756992111,"complexity":0.041666667908430099,"cluster_id":0},{"task":"привет","response":"Результат: привет + -0.20 (Эффективность: 80.00%, Сложность: 4.17)","effectiveness":0.80000001192092896,"rating":0,"timestamp":1756992111,"complexity":0.041666667908430099,"cluster_id":0},{"task":"привет","response":"Результат: привет + 0.00 (Эффективность: 80.14%, Сложность: 4.17)","effectiveness":0.80143231153488159,"rating":0,"timestamp":1756992112,"complexity":0.041666667908430099,"cluster_id":0},{"task":"привет","response":"Результат: привет + -0.50 (Эффективность: 45.25%, Сложность: 4.17)","effectiveness":0.4524739682674408,"rating":0,"timestamp":1756992112,"complexity":0.041666667908430099,"cluster_id":0},{"task":"привет","response":"Результат: привет + -0.90 (Эффективность: 10.00%, Сложность: 4.17)","effectiveness":0.10000000149011612,"rating":0,"timestamp":1756992113,"complexity":0.041666667908430099,"cluster_id":0},{"task":"привет","response":"Результат: привет + -0.90 (Эффективность: 10.00%, Сложность: 4.17)","effectiveness":0.10000000149011612,"rating":0,"timestamp":1756992113,"complexity":0.041666667908430099,"cluster_id":0},{"task":"привет","response":"Результат: привет + 0.70 (Эффективность: 163.16%, Сложность: 4.17)","effectiveness":1.6316406726837158,"rating":0,"timestamp":1756992113,"complexity":0.041666667908430099,"cluster_id":0},{"task":"привет","response":"Результат: привет + 0.90 (Эффективность: 184.21%, Сложность: 4.17)","effectiveness":1.8420573472976685,"rating":0,"timestamp":1756992113,"complexity":0.041666667908430099,"cluster_id":0},{"task":"привет","response":"Результат: привет + 0.80 (Эффективность: 180.00%, Сложность: 4.17)","effectiveness":1.7999999523162842,"rating":0,"timestamp":1756992114,"complexity":0.041666667908430099,"cluster_id":0},{"task":"привет","response":"Результат: привет + -0.70 (Эффективность: 30.00%, Сложность: 4.17)","effectiveness":0.30000001192092896,"rating":0,"timestamp":1756992114,"complexity":0.041666667908430099,"cluster_id":0},{"task":"привет Вася","response":"Результат: привет Вася + -0.40 (Эффективность: -35.00%, Сложность: 4.76)","effectiveness":-0.34999999403953552,"rating":0,"timestamp":1756992122,"complexity":0.0476190485060215,"cluster_id":0},{"task":"привет Вася ага","response":"Результат: привет Вася ага + 0.00 (Эффективность: 13.00%, Сложность: 5.36)","effectiveness":0.12999999523162842,"rating":0,"timestamp":1756992130,"complexity":0.0535714291036129,"cluster_id":0},{"task":"1+1","response":"Результат: 1+1 + 0.80 (Эффективность: 153.00%, Сложность: 83.33)","effectiveness":1.5299999713897705,"rating":0,"timestamp":1756992165,"complexity":0.83333331346511841,"cluster_id":1},{"task":"1+1","response":"Результат: 1+1 + 0.80 (Эффективность: 124.00%, Сложность: 83.33)","effectiveness":1.2400000095367432,"rating":0,"timestamp":1756992168,"complexity":0.83333331346511841,"cluster_id":1},{"task":"1+1 Вася","response":"Результат: 1+1 Вася + -0.50 (Эффективность: -10.00%, Сложность: 25.00)","effectiveness":-0.10000000149011612,"rating":0,"timestamp":1756992175,"complexity":0.25,"cluster_id":1},{"task":"1+1 Вася","response":"Результат: 1+1 Вася + -0.70 (Эффективность: 17.00%, Сложность: 25.00)","effectiveness":0.17000000178813934,"rating":0,"timestamp":1756992177,"complexity":0.25,"cluster_id":1},{"task":"1+1 Вася","response":"Результат: 1+1 Вася + 0.20 (Эффективность: 60.00%, Сложность: 25.00)","effectiveness":0.60000002384185791,"rating":0,"timestamp":1756992177,"complexity":0.25,"cluster_id":1},{"task":"привет мир","response":"Результат: привет мир + 0.70 (Эффективность: 148.03%, Сложность: 5.26)","effectiveness":1.4803323745727539,"rating":0,"timestamp":1756992192,"complexity":0.052631579339504242,"cluster_id":0},{"task":"серьезно","response":"Результат: серьезно + 0.80 (Эффективность: 179.00%, Сложность: 3.12)","effectiveness":1.7899999618530273,"rating":0,"timestamp":1756992205,"complexity":0.03125,"cluster_id":1},{"task":"привет","response":"Результат: Здравствуйте! Я готов помочь вам с решением задач. (Эффективность: 74.98%, Сложность: 4.17)","effectiveness":0.74978595972061157,"rating":0,"timestamp":1756997898,"complexity":0.041666667908430099,"cluster_id":0},{"task":"1+1","response":"Результат: Результат вычисления: 2 (Эффективность: 69.95%, Сложность: 83.33)","effectiveness":0.6995006799697876,"rating":0,"timestamp":1756997911,"complexity":0.83333331346511841,"cluster_id":0},{"task":"126 умножить на шесть","response":"Результат: Я проанализировал ваш запрос \"126 умножить на шесть\" и продолжаю учиться его обрабатывать (Эффективность: 39.98%, Сложность: 9.72)","effectiveness":0.39979958534240723,"rating":0,"timestamp":1756997934,"complexity":0.097222223877906799,"cluster_id":1},{"task":"126 умножить на шесть","response":"Результат: Я проанализировал ваш запрос \"126 умножить на шесть\" и продолжаю учиться его обрабатывать (Эффективность: 39.98%, Сложность: 9.72)","effectiveness":0.39979958534240723,"rating":0,"timestamp":1756997941,"complexity":0.097222223877906799,"cluster_id":1},{"task":"126 умножить на шесть","response":"Результат: Я проанализировал ваш запрос \"126 умножить на шесть\" и продолжаю учиться его обрабатывать (Эффективность: 39.98%, Сложность: 9.72)","effectiveness":0.39979958534240723,"rating":0,"timestamp":1756997942,"complexity":0.097222223877906799,"cluster_id":1},{"task":"126 умножить на шесть","response":"Результат: Я проанализировал ваш запрос \"126 умножить на шесть\" и продолжаю учиться его обрабатывать (Эффективность: 39.98%, Сложность: 9.72)","effectiveness":0.39979958534240723,"rating":0,"timestamp":1756997943,"complexity":0.097222223877906799,"cluster_id":1},{"task":"126 умножить на шесть","response":"Результат: Я проанализировал ваш запрос \"126 умножить на шесть\" и продолжаю учиться его обрабатывать (Эффективность: 39.98%, Сложность: 9.72)","effectiveness":0.39979958534240723,"rating":0,"timestamp":1756997943,"complexity":0.097222223877906799,"cluster_id":1},{"task":"126 умножить на шесть и делить на пять","response":"Результат: Я проанализировал ваш запрос \"126 умножить на шесть и делить на пять\" и продолжаю учиться его обрабатывать (Эффективность: 39.98%, Сложность: 8.33)","effectiveness":0.39979648590087891,"rating":0,"timestamp":1756997954,"complexity":0.083333335816860199,"cluster_id":1},{"task":"136+7895","response":"Результат: Результат вычисления: 8031 (Эффективность: 69.97%, Сложность: 62.50)","effectiveness":0.69974797964096069,"rating":0,"timestamp":1756998018,"complexity":0.625,"cluster_id":1},{"task":"136+7895+123","response":"Результат: Результат вычисления: 8154 (Эффективность: 69.98%, Сложность: 62.50)","effectiveness":0.69978272914886475,"rating":0,"timestamp":1756998032,"complexity":0.625,"cluster_id":1},{"task":"136+7895+123=","response":"Результат: Неверно! 8154 ≠ 0 (Эффективность: 24.98%, Сложность: 65.38)","effectiveness":0.24979443848133087,"rating":0,"timestamp":1756998054,"complexity":0.6538461446762085,"cluster_id":1},{"task":"136+7895+123=8154","response":"Результат: Верно! 8154 = 8154 (Эффективность: 74.98%, Сложность: 61.76)","effectiveness":0.74977308511734009,"rating":0,"timestamp":1756998068,"complexity":0.61764705181121826,"cluster_id":1},{"task":"что ты умеешь делать","response":"Результат: Я проанализировал ваш запрос \"что ты умеешь делать\" и продолжаю учиться его обрабатывать (Эффективность: 39.98%, Сложность: 5.41)","effectiveness":0.39978399872779846,"rating":0,"timestamp":1756998153,"complexity":0.054054055362939835,"cluster_id":1},{"task":"что ты умеешь делать и когда научишься","response":"Результат: Я проанализировал ваш запрос \"что ты умеешь делать и когда научишься\" и продолжаю учиться его обрабатывать (Эффективность: 39.98%, Сложность: 5.00)","effectiveness":0.39981883764266968,"rating":0,"timestamp":1756998171,"complexity":0.05000000074505806,"cluster_id":1},{"task":"тебя как зовут","response":"Результат: Я проанализировал ваш запрос \"тебя как зовут\" и продолжаю учиться его обрабатывать (Эффективность: 39.98%, Сложность: 5.77)","effectiveness":0.39977294206619263,"rating":0,"timestamp":1756998186,"complexity":0.057692307978868484,"cluster_id":1},{"task":"тебя как зовут","response":"Результат: Я проанализировал ваш запрос \"тебя как зовут\" и продолжаю учиться его обрабатывать (Эффективность: 39.98%, Сложность: 5.77)","effectiveness":0.39977294206619263,"rating":0,"timestamp":1756998193,"complexity":0.057692307978868484,"cluster_id":1},{"task":"тебя как зовут","response":"Результат: Я проанализировал ваш запрос \"тебя как зовут\" и продолжаю учиться его обрабатывать (Эффективность: 39.98%, Сложность: 5.77)","effectiveness":0.39977294206619263,"rating":0,"timestamp":1756998193,"complexity":0.057692307978868484,"cluster_id":1},{"task":"тебя как зовут","response":"Результат: Я проанализировал ваш запрос \"тебя как зовут\" и продолжаю учиться его обрабатывать (Эффективность: 39.98%, Сложность: 5.77)","effectiveness":0.39977294206619263,"rating":0,"timestamp":1756998194,"complexity":0.057692307978868484,"cluster_id":1},{"task":"тебя как зовут","response":"Результат: Я проанализировал ваш запрос \"тебя как зовут\" и продолжаю учиться его обрабатывать (Эффективность: 39.98%, Сложность: 5.77)","effectiveness":0.39977294206619263,"rating":0,"timestamp":1756998194,"complexity":0.057692307978868484,"cluster_id":1},{"task":"тебя как зовут","response":"Результат: Я проанализировал ваш запрос \"тебя как зовут\" и продолжаю учиться его обрабатывать (Эффективность: 39.98%, Сложность: 5.77)","effectiveness":0.39977294206619263,"rating":0,"timestamp":1756998194,"complexity":0.057692307978868484,"cluster_id":1},{"task":"тебя как зовут","response":"Результат: Я проанализировал ваш запрос \"тебя как зовут\" и продолжаю учиться его обрабатывать (Эффективность: 39.98%, Сложность: 5.77)","effectiveness":0.39977294206619263,"rating":0,"timestamp":1756998195,"complexity":0.057692307978868484,"cluster_id":1},{"task":"тебя как зовут","response":"Результат: Я проанализировал ваш запрос \"тебя как зовут\" и продолжаю учиться его обрабатывать (Эффективность: 39.98%, Сложность: 5.77)","effectiveness":0.39977294206619263,"rating":0,"timestamp":1756998195,"complexity":0.057692307978868484,"cluster_id":1},{"task":"тебя как зовут","response":"Результат: Я проанализировал ваш запрос \"тебя как зовут\" и продолжаю учиться его обрабатывать (Эффективность: 39.98%, Сложность: 5.77)","effectiveness":0.39977294206619263,"rating":0,"timestamp":1756998205,"complexity":0.057692307978868484,"cluster_id":1},{"task":"2=2","response":"Результат: Верно! 2 = 2 (Эффективность: 74.97%, Сложность: 83.33)","effectiveness":0.74966317415237427,"rating":5,"timestamp":1756998213,"complexity":0.83333331346511841,"cluster_id":1},{"task":"2=198388892","response":"Результат: Неверно! 2 ≠ 198388892 (Эффективность: 25.20%, Сложность: 59.09)","effectiveness":0.25203126668930054,"rating":5,"timestamp":1756998235,"complexity":0.59090906381607056,"cluster_id":1},{"task":"логарифм","response":"Результат: Я проанализировал ваш запрос \"логарифм\" и продолжаю учиться его обрабатывать (Эффективность: 40.42%, Сложность: 3.12)","effectiveness":0.40422695875167847,"rating":0,"timestamp":1756998255,"complexity":0.03125,"cluster_id":1},{"task":"2плюс 2","response":"Результат: Я проанализировал ваш запрос \"2плюс 2\" и продолжаю учиться его обрабатывать (Эффективность: 40.43%, Сложность: 18.18)","effectiveness":0.40427535772323608,"rating":0,"timestamp":1756998267,"complexity":0.18181818723678589,"cluster_id":1},{"task":"2 плюс 2","response":"Результат: Я проанализировал ваш запрос \"2 плюс 2\" и продолжаю учиться его обрабатывать (Эффективность: 40.43%, Сложность: 20.83)","effectiveness":0.4042690098285675,"rating":0,"timestamp":1756998274,"complexity":0.2083333283662796,"cluster_id":1},{"task":"2 +2","response":"Результат: Результат вычисления: 4 (Эффективность: 70.45%, Сложность: 75.00)","effectiveness":0.70449739694595337,"rating":5,"timestamp":1756998287,"complexity":0.75,"cluster_id":1},{"task":"2 +2","response":"Результат: Результат вычисления: 4 (Эффективность: 70.72%, Сложность: 75.00)","effectiveness":0.70717513561248779,"rating":0,"timestamp":1756998296,"complexity":0.75,"cluster_id":1},{"task":"2 +2","response":"Результат: Результат вычисления: 4 (Эффективность: 70.72%, Сложность: 75.00)","effectiveness":0.70717513561248779,"rating":0,"timestamp":1756998298,"complexity":0.75,"cluster_id":1},{"task":"2 +2","response":"Результат: Результат вычисления: 4 (Эффективность: 70.72%, Сложность: 75.00)","effectiveness":0.70717513561248779,"rating":5,"timestamp":1756998298,"complexity":0.75,"cluster_id":1},{"task":"2 +2","response":"Результат: Результат вычисления: 4 (Эффективность: 71.02%, Сложность: 75.00)","effectiveness":0.71022284030914307,"rating":5,"timestamp":1756998301,"complexity":0.75,"cluster_id":1},{"task":"2 +2","response":"Результат: Результат вычисления: 4 (Эффективность: 71.37%, Сложность: 75.00)","effectiveness":0.7136528491973877,"rating":0,"timestamp":1756998305,"complexity":0.75,"cluster_id":1},{"task":"2 +2=4","response":"Результат: Верно! 4 = 4 (Эффективность: 76.48%, Сложность: 75.00)","effectiveness":0.76477277278900146,"rating":5,"timestamp":1756998312,"complexity":0.75,"cluster_id":1},{"task":"2 +2=4=34","response":"Результат: Неверно! 4 ≠ 0 (Эффективность: 26.83%, Сложность: 72.22)","effectiveness":0.26833459734916687,"rating":0,"timestamp":1756998324,"complexity":0.72222220897674561,"cluster_id":1},{"task":"2 +2=4+126","response":"Результат: Неверно! 4 ≠ 130 (Эффективность: 26.80%, Сложность: 70.00)","effectiveness":0.26795017719268799,"rating":0,"timestamp":1756998338,"complexity":0.69999998807907104,"cluster_id":1},{"task":"п","response":"Результат: Я проанализировал ваш запрос \"п\" и продолжаю учиться его обрабатывать (Эффективность: 41.88%, Сложность: 25.00)","effectiveness":0.41884970664978027,"rating":0,"timestamp":1756998684,"complexity":0.25,"cluster_id":1},{"task":"2*2","response":"Результат: Результат вычисления: 4 (Эффективность: 71.84%, Сложность: 83.33)","effectiveness":0.71841961145401001,"rating":0,"timestamp":1756998702,"complexity":0.83333331346511841,"cluster_id":1},{"task":"364*24566","response":"Результат: Результат вычисления: 8942024 (Эффективность: 71.67%, Сложность: 61.11)","effectiveness":0.71670293807983398,"rating":0,"timestamp":1756998722,"complexity":0.6111111044883728,"cluster_id":1},{"task":"364*24566*567","response":"Результат: Результат вычисления: 775160312 (Эффективность: 71.65%, Сложность: 61.54)","effectiveness":0.71653330326080322,"rating":0,"timestamp":1756998739,"complexity":0.61538463830947876,"cluster_id":1},{"task":"364*24566*567856765","response":"Результат: Результат вычисления: -689013080 (Эффективность: 71.69%, Сложность: 57.89)","effectiveness":0.71685165166854858,"rating":0,"timestamp":1756998748,"complexity":0.57894736528396606,"cluster_id":1},{"task":"364*24566*5","response":"Результат: Результат вычисления: 44710120 (Эффективность: 71.67%, Сложность: 63.64)","effectiveness":0.71674615144729614,"rating":0,"timestamp":1756998763,"complexity":0.63636362552642822,"cluster_id":1},{"task":"364*24566*5-3444","response":"Результат: Результат вычисления: 44710120 (Эффективность: 71.63%, Сложность: 62.50)","effectiveness":0.71630918979644775,"rating":0,"timestamp":1756998774,"complexity":0.625,"cluster_id":1},{"task":"364*24566*5-3444 плюс 567","response":"Результат: Результат вычисления: 44710120 (Эффективность: 71.62%, Сложность: 43.10)","effectiveness":0.71624165773391724,"rating":0,"timestamp":1756998788,"complexity":0.43103447556495667,"cluster_id":1},{"task":"364*24566*5-3444 плюс 567","response":"Результат: Результат вычисления: 44710120 (Эффективность: 71.62%, Сложность: 43.10)","effectiveness":0.71624165773391724,"rating":0,"timestamp":1756998790,"complexity":0.43103447556495667,"cluster_id":1},{"task":"364*24566*5-3444 плюс 567","response":"Результат: Результат вычисления: 44710120 (Эффективность: 71.62%, Сложность: 43.10)","effectiveness":0.71624165773391724,"rating":0,"timestamp":1756998791,"complexity":0.43103447556495667,"cluster_id":1},{"task":"364*24566*5-3444 плюс 567","response":"Результат: Результат вычисления: 44710120 (Эффективность: 71.62%, Сложность: 43.10)","effectiveness":0.71624165773391724,"rating":0,"timestamp":1756998791,"complexity":0.43103447556495667,"cluster_id":1},{"task":"364*24566*5-3444 плюс 567","response":"Результат: Результат вычисления: 44710120 (Эффективность: 71.62%, Сложность: 43.10)","effectiveness":0.71624165773391724,"rating":0,"timestamp":1756998791,"complexity":0.43103447556495667,"cluster_id":1},{"task":"364*24566*5-3444 плюс 567","response":"Результат: Результат вычисления: 44710120 (Эффективность: 71.62%, Сложность: 43.10)","effectiveness":0.71624165773391724,"rating":0,"timestamp":1756998792,"complexity":0.43103447556495667,"cluster_id":1},{"task":"364*24566*5-3444 плюс 567","response":"Результат: Результат вычисления: 44710120 (Эффективность: 71.62%, Сложность: 43.10)","effectiveness":0.71624165773391724,"rating":0,"timestamp":1756998792,"complexity":0.43103447556495667,"cluster_id":1},{"task":"364*24566*5-3444 плюс 567","response":"Результат: Результат вычисления: 44710120 (Эффективность: 71.62%, Сложность: 43.10)","effectiveness":0.71624165773391724,"rating":0,"timestamp":1756998792,"complexity":0.43103447556495667,"cluster_id":1},{"task":"364*24566*5-3444 плюс 567","response":"Результат: Результат вычисления: 44710120 (Эффективность: 71.62%, Сложность: 43.10)","effectiveness":0.71624165773391724,"rating":0,"timestamp":1756998793,"complexity":0.43103447556495667,"cluster_id":1},{"task":"364*24566*5-3444 плюс 567","response":"Результат: Результат вычисления: 44710120 (Эффективность: 71.62%, Сложность: 43.10)","effectiveness":0.71624165773391724,"rating":0,"timestamp":1756998793,"complexity":0.43103447556495667,"cluster_id":1},{"task":"364*24566*5-3444 плюс 56","response":"Результат: Результат вычисления: 44710120 (Эффективность: 71.63%, Сложность: 42.86)","effectiveness":0.71626132726669312,"rating":0,"timestamp":1756998801,"complexity":0.4285714328289032,"cluster_id":1},{"task":"364*24566*5-3444 плюс 56","response":"Результат: Результат вычисления: 44710120 (Эффективность: 71.63%, Сложность: 42.86)","effectiveness":0.71626132726669312,"rating":0,"timestamp":1756998802,"complexity":0.4285714328289032,"cluster_id":1},{"task":"364*24566*5-3444 плюс 56","response":"Результат: Результат вычисления: 44710120 (Эффективность: 71.63%, Сложность: 42.86)","effectiveness":0.71626132726669312,"rating":0,"timestamp":1756998802,"complexity":0.4285714328289032,"cluster_id":1},{"task":"364*24566*5-3444 плюс 56","response":"Результат: Результат вычисления: 44710120 (Эффективность: 71.63%, Сложность: 42.86)","effectiveness":0.71626132726669312,"rating":0,"timestamp":1756998803,"complexity":0.4285714328289032,"cluster_id":1},{"task":"364*24566*5-3444 плюс 56","response":"Результат: Результат вычисления: 44710120 (Эффективность: 71.63%, Сложность: 42.86)","effectiveness":0.71626132726669312,"rating":0,"timestamp":1756998804,"complexity":0.4285714328289032,"cluster_id":1},{"task":"364*24566*5-3444*4","response":"Результат: Результат вычисления: 1413439080 (Эффективность: 71.61%, Сложность: 63.89)","effectiveness":0.71614247560501099,"rating":5,"timestamp":1756998818,"complexity":0.6388888955116272,"cluster_id":1},{"task":"ghbdtn","response":"Результат: Я проанализировал ваш запрос \"ghbdtn\" и продолжаю учиться его обрабатывать (Эффективность: 42.20%, Сложность: 8.33)","effectiveness":0.42195311188697815,"rating":0,"timestamp":1756998842,"complexity":0.083333335816860199,"cluster_id":1},{"task":"ghbdtn=привет","response":"Результат: Здравствуйте! Я готов помочь вам с решением задач. (Эффективность: 76.98%, Сложность: 7.89)","effectiveness":0.76984375715255737,"rating":0,"timestamp":1756998861,"complexity":0.078947365283966064,"cluster_id":0},{"task":"привет","response":"Результат: Здравствуйте! Я готов помочь вам с решением задач. (Эффективность: 77.05%, Сложность: 4.17)","effectiveness":0.77048611640930176,"rating":0,"timestamp":1756998876,"complexity":0.041666667908430099,"cluster_id":0},{"task":"привет как дела","response":"Результат: Здравствуйте! Я готов помочь вам с решением задач. (Эффективность: 77.07%, Сложность: 5.36)","effectiveness":0.77069252729415894,"rating":0,"timestamp":1756998886,"complexity":0.0535714291036129,"cluster_id":0},{"task":"что умеешь делать","response":"Результат: Я проанализировал ваш запрос \"что умеешь делать\" и продолжаю учиться его обрабатывать (Эффективность: 42.05%, Сложность: 4.69)","effectiveness":0.42054653167724609,"rating":0,"timestamp":1756998901,"complexity":0.046875,"cluster_id":1},{"task":"что умеешь делать=ты умеешь дуумать","response":"Результат: Верно! 0 = 0 (Эффективность: 77.07%, Сложность: 5.38)","effectiveness":0.77073168754577637,"rating":0,"timestamp":1756998942,"complexity":0.053846154361963272,"cluster_id":1},{"task":"что умеешь делать=ты умеешь дуумать","response":"Результат: Верно! 0 = 0 (Эффективность: 77.07%, Сложность: 5.38)","effectiveness":0.77073168754577637,"rating":0,"timestamp":1756998951,"complexity":0.053846154361963272,"cluster_id":1},{"task":"что умеешь делать=ты умеешь дуумать","response":"Результат: Верно! 0 = 0 (Эффективность: 77.07%, Сложность: 5.38)","effectiveness":0.77073168754577637,"rating":0,"timestamp":1756998952,"complexity":0.053846154361963272,"cluster_id":1},{"task":"что умеешь делать=ты умеешь дуумать","response":"Результат: Верно! 0 = 0 (Эффективность: 77.07%, Сложность: 5.38)","effectiveness":0.77073168754577637,"rating":0,"timestamp":1756998952,"complexity":0.053846154361963272,"cluster_id":1},{"task":"5=23","response":"Результат: Неверно! 5 ≠ 23 (Эффективность: 27.16%, Сложность: 75.00)","effectiveness":0.27155104279518127,"rating":5,"timestamp":1756998967,"complexity":0.75,"cluster_id":1},{"task":"5=23","response":"Результат: Неверно! 5 ≠ 23 (Эффективность: 27.61%, Сложность: 75.00)","effectiveness":0.27612623572349548,"rating":0,"timestamp":1756999025,"complexity":0.75,"cluster_id":1},{"task":"5=23 а тебя как зовут","response":"Результат: Неверно! 5 ≠ 0 (Эффективность: 27.53%, Сложность: 14.71)","effectiveness":0.2752993106842041,"rating":0,"timestamp":1756999039,"complexity":0.14705882966518402,"cluster_id":1},{"task":"5=23 а тебя как зовут","response":"Результат: Неверно! 5 ≠ 0 (Эффективность: 27.53%, Сложность: 14.71)","effectiveness":0.2752993106842041,"rating":0,"timestamp":1756999044,"complexity":0.14705882966518402,"cluster_id":1},{"task":"5=23 а тебя как зовут прикол","response":"Результат: Неверно! 5 ≠ 0 (Эффективность: 27.55%, Сложность: 11.70)","effectiveness":0.27552208304405212,"rating":0,"timestamp":1756999051,"complexity":0.11702127754688263,"cluster_id":1},{"task":"5=23 а тебя как зовут прикол","response":"Результат: Неверно! 5 ≠ 0 (Эффективность: 27.55%, Сложность: 11.70)","effectiveness":0.27552208304405212,"rating":0,"timestamp":1756999052,"complexity":0.11702127754688263,"cluster_id":1},{"task":"тебя как зовут","response":"Результат: Я проанализировал ваш запрос \"тебя как зовут\" и продолжаю учиться его обрабатывать (Эффективность: 42.54%, Сложность: 5.77)","effectiveness":0.425403892993927,"rating":0,"timestamp":1756999083,"complexity":0.057692307978868484,"cluster_id":1},{"task":"когда научишься","response":"Результат: Я проанализировал ваш запрос \"когда научишься\" и продолжаю учиться его обрабатывать (Эффективность: 42.52%, Сложность: 3.45)","effectiveness":0.42516729235649109,"rating":0,"timestamp":1756999103,"complexity":0.034482758492231369,"cluster_id":1},{"task":"task=тестовая задача","response":"Результат: Верно! 0 = 0 (Эффективность: 77.63%, Сложность: 5.88)","effectiveness":0.77631628513336182,"rating":0,"timestamp":1756999147,"complexity":0.058823529630899429,"cluster_id":1},{"task":"тестовая задача","response":"Результат: Я проанализировал ваш запрос \"тестовая задача\" и продолжаю учиться его обрабатывать (Эффективность: 42.62%, Сложность: 3.45)","effectiveness":0.42623400688171387,"rating":5,"timestamp":1756999717,"complexity":0.034482758492231369,"cluster_id":1},{"task":"тестовая задача","response":"Результат: Я проанализировал ваш запрос \"тестовая задача\" и продолжаю учиться его обрабатывать (Эффективность: 43.12%, Сложность: 3.45)","effectiveness":0.43122181296348572,"rating":5,"timestamp":1757000011,"complexity":0.034482758492231369,"cluster_id":1},{"task":"тест JSON","response":"Результат: Я проанализировал ваш запрос \"тест JSON\" и продолжаю учиться его обрабатывать (Эффективность: 43.49%, Сложность: 7.69)","effectiveness":0.43489852547645569,"rating":0,"timestamp":1757000523,"complexity":0.076923079788684845,"cluster_id":1},{"task":"тест JSON","response":"Результат: Я проанализировал ваш запрос \"тест JSON\" и продолжаю учиться его обрабатывать (Эффективность: 43.49%, Сложность: 7.69)","effectiveness":0.43489852547645569,"rating":0,"timestamp":1757000528,"complexity":0.076923079788684845,"cluster_id":1},{"task":"привет","response":"Результат: Здравствуйте! Я готов помочь вам с решением задач. (Эффективность: 78.45%, Сложность: 4.17)","effectiveness":0.78452026844024658,"rating":0,"timestamp":1757000632,"complexity":0.041666667908430099,"cluster_id":0},{"task":"привет 2+2","response":"Результат: Здравствуйте! Я готов помочь вам с решением задач. (Эффективность: 78.37%, Сложность: 18.75)","effectiveness":0.78373861312866211,"rating":0,"timestamp":1757000641,"complexity":0.1875,"cluster_id":1},{"task":"привет 2+2=","response":"Результат: Здравствуйте! Я готов помочь вам с решением задач. (Эффективность: 78.36%, Сложность: 23.53)","effectiveness":0.78360086679458618,"rating":0,"timestamp":1757000647,"complexity":0.23529411852359772,"cluster_id":1},{"task":"2+2=","response":"Результат: Неверно! 4 ≠ 0 (Эффективность: 28.97%, Сложность: 87.50)","effectiveness":0.28968971967697144,"rating":0,"timestamp":1757000653,"complexity":0.875,"cluster_id":1},{"task":"2+2","response":"Результат: Результат вычисления: 4 (Эффективность: 73.86%, Сложность: 83.33)","effectiveness":0.73856949806213379,"rating":5,"timestamp":1757000661,"complexity":0.83333331346511841,"cluster_id":1},{"task":"пример","response":"Результат: Я проанализировал ваш запрос \"пример\" и продолжаю учиться его обрабатывать (Эффективность: 44.00%, Сложность: 4.17)","effectiveness":0.44003123044967651,"rating":3,"timestamp":1757000721,"complexity":0.041666667908430099,"cluster_id":0},{"task":"пример","response":"Результат: Я проанализировал ваш запрос \"пример\" и продолжаю учиться его обрабатывать (Эффективность: 44.40%, Сложность: 4.17)","effectiveness":0.44400244951248169,"rating":0,"timestamp":1757000738,"complexity":0.041666667908430099,"cluster_id":0},{"task":"пример","response":"Результат: Я проанализировал ваш запрос \"пример\" и продолжаю учиться его обрабатывать (Эффективность: 44.40%, Сложность: 4.17)","effectiveness":0.44400244951248169,"rating":0,"timestamp":1757000740,"complexity":0.041666667908430099,"cluster_id":0},{"task":"пример","response":"Результат: Я проанализировал ваш запрос \"пример\" и продолжаю учиться его обрабатывать (Эффективность: 44.40%, Сложность: 4.17)","effectiveness":0.44400244951248169,"rating":0,"timestamp":1757000740,"complexity":0.041666667908430099,"cluster_id":0},{"task":"пример","response":"Результат: Я проанализировал ваш запрос \"пример\" и продолжаю учиться его обрабатывать (Эффективность: 44.40%, Сложность: 4.17)","effectiveness":0.44400244951248169,"rating":0,"timestamp":1757000741,"complexity":0.041666667908430099,"cluster_id":0},{"task":"пример","response":"Результат: Я проанализировал ваш запрос \"пример\" и продолжаю учиться его обрабатывать (Эффективность: 44.40%, Сложность: 4.17)","effectiveness":0.44400244951248169,"rating":0,"timestamp":1757000741,"complexity":0.041666667908430099,"cluster_id":0},{"task":"пример","response":"Результат: Я проанализировал ваш запрос \"пример\" и продолжаю учиться его обрабатывать (Эффективность: 44.40%, Сложность: 4.17)","effectiveness":0.44400244951248169,"rating":3,"timestamp":1757000741,"complexity":0.041666667908430099,"cluster_id":0},{"task":"пример","response":"Результат: Я проанализировал ваш запрос \"пример\" и продолжаю учиться его обрабатывать (Эффективность: 44.73%, Сложность: 4.17)","effectiveness":0.44728326797485352,"rating":0,"timestamp":1757000745,"complexity":0.041666667908430099,"cluster_id":0},{"task":"120 плюс 1","response":"Результат: Я проанализировал ваш запрос \"120 плюс 1\" и продолжаю учиться его обрабатывать (Эффективность: 44.75%, Сложность: 25.00)","effectiveness":0.44751825928688049,"rating":1,"timestamp":1757000764,"complexity":0.25,"cluster_id":1},{"task":"привет","response":"Результат: Здравствуйте! Я готов помочь вам с решением задач. (Эффективность: 79.67%, Сложность: 4.17)","effectiveness":0.79673135280609131,"rating":0,"timestamp":1757001739,"complexity":0.041666667908430099,"cluster_id":0},{"task":"привет","response":"Результат: Здравствуйте! Я готов помочь вам с решением задач. (Эффективность: 79.67%, Сложность: 4.17)","effectiveness":0.79673135280609131,"rating":0,"timestamp":1757001743,"complexity":0.041666667908430099,"cluster_id":0},{"task":"привет","response":"Результат: Здравствуйте! Я готов помочь вам с решением задач. (Эффективность: 79.67%, Сложность: 4.17)","effectiveness":0.79673135280609131,"rating":0,"timestamp":1757001743,"complexity":0.041666667908430099,"cluster_id":0},{"task":"привет","response":"Результат: Здравствуйте! Я готов помочь вам с решением задач. (Эффективность: 79.67%, Сложность: 4.17)","effectiveness":0.79673135280609131,"rating":0,"timestamp":1757001744,"complexity":0.041666667908430099,"cluster_id":0},{"task":"привет","response":"Результат: Здравствуйте! Я готов помочь вам с решением задач. (Эффективность: 79.67%, Сложность: 4.17)","effectiveness":0.79673135280609131,"rating":0,"timestamp":1757001744,"complexity":0.041666667908430099,"cluster_id":0},{"task":"запомни: ключ1 значение1","response":"Сохранено в памяти: mem_1757001870","effectiveness":0.5,"rating":0,"timestamp":1757001870,"complexity":0.058139536529779434,"cluster_id":1},{"task":"вспомни ключ1","response":"Не найдено в памяти: ключ1","effectiveness":0.5,"rating":0,"timestamp":1757001870,"complexity":0.0625,"cluster_id":1},{"task":"привет","response":"Ответ узла: привет","effectiveness":0.5,"rating":0,"timestamp":1757002875,"complexity":0.041666667908430099,"cluster_id":0},{"task":"1+1","response":"Ответ узла: 1+1","effectiveness":0.5,"rating":0,"timestamp":1757002885,"complexity":0.83333331346511841,"cluster_id":0},{"task":"1+1","response":"Ответ узла: 1+1","effectiveness":0.5,"rating":0,"timestamp":1757002886,"complexity":0.83333331346511841,"cluster_id":0},{"task":"1+1","response":"Ответ узла: 1+1","effectiveness":0.5,"rating":1,"timestamp":1757002887,"complexity":0.83333331346511841,"cluster_id":0},{"task":"1+1","response":"Ответ узла: 1+1","effectiveness":0.5,"rating":0,"timestamp":1757002894,"complexity":0.83333331346511841,"cluster_id":0},{"task":"1+2","response":"Ответ узла: 1+2","effectiveness":0.5,"rating":1,"timestamp":1757003296,"complexity":0.83333331346511841,"cluster_id":0},{"task":"1+2","response":"Ответ узла: 1+2","effectiveness":0.5,"rating":0,"timestamp":1757003304,"complexity":0.83333331346511841,"cluster_id":0},{"task":"1+2","response":"Ответ узла: 1+2","effectiveness":0.5,"rating":0,"timestamp":1757003305,"complexity":0.83333331346511841,"cluster_id":0},{"task":"1+2","response":"Ответ узла: 1+2","effectiveness":0.5,"rating":0,"timestamp":1757003306,"complexity":0.83333331346511841,"cluster_id":0},{"task":"привет","response":"Ответ узла: привет","effectiveness":0.5,"rating":1,"timestamp":1757003782,"complexity":0.041666667908430099,"cluster_id":0},{"task":"привет олень","response":"Ответ узла: привет олень","effectiveness":0.5,"rating":0,"timestamp":1757003795,"complexity":0.043478261679410934,"cluster_id":0},{"task":"2+2","response":"Ответ узла: 2+2","effectiveness":0.5,"rating":0,"timestamp":1757003804,"complexity":0.83333331346511841,"cluster_id":1},{"task":"2+2=0","response":"Ответ узла: 2+2=0","effectiveness":0.5,"rating":1,"timestamp":1757003809,"complexity":0.80000001192092896,"cluster_id":1},{"task":"проверка сервера 8888","response":"Ответ узла: проверка сервера 8888","effectiveness":0.5,"rating":0,"timestamp":1757003816,"complexity":0.097222223877906799,"cluster_id":0},{"task":"проверка 8888","response":"Ответ узла: проверка 8888","effectiveness":0.5,"rating":0,"timestamp":1757003853,"complexity":0.1428571492433548,"cluster_id":0},{"task":"проверка 8888","response":"Ответ узла: проверка 8888","effectiveness":0.5,"rating":0,"timestamp":1757003873,"complexity":0.1428571492433548,"cluster_id":0},{"task":"2+2","response":"Ответ узла: 2+2","effectiveness":0.5,"rating":0,"timestamp":1757004347,"complexity":0.83333331346511841,"cluster_id":1},{"task":"2+2","response":"4","effectiveness":1.0,"rating":0,"timestamp":1757004443,"complexity":0.83333331346511841,"cluster_id":1},{"task":"3*7","response":"21","effectiveness":1.0,"rating":0,"timestamp":1757004443,"complexity":0.83333331346511841,"cluster_id":1},{"task":"1+67","response":"68","effectiveness":1.0,"rating":0,"timestamp":1757004581,"complexity":0.75,"cluster_id":0},{"task":"1+67=0","response":"Ответ узла: 1+67=0","effectiveness":0.5,"rating":0,"timestamp":1757004588,"complexity":0.75,"cluster_id":0},{"task":"привет, как дела","response":"Ответ узла: привет, как дела","effectiveness":0.5,"rating":0,"timestamp":1757004755,"complexity":0.051724139600992203,"cluster_id":0},{"task":"привет, как дела","response":"Ответ узла: привет, как дела","effectiveness":0.5,"rating":0,"timestamp":1757004763,"complexity":0.051724139600992203,"cluster_id":0},{"task":"привет","response":"Ответ узла: привет","effectiveness":0.5,"rating":0,"timestamp":1757004859,"complexity":0.041666667908430099,"cluster_id":0},{"task":"привет как дела","response":"Ответ узла: привет как дела","effectiveness":0.5,"rating":0,"timestamp":1757004867,"complexity":0.0535714291036129,"cluster_id":0},{"task":"привет как дела р","response":"Ответ узла: привет как дела р","effectiveness":0.5,"rating":5,"timestamp":1757004872,"complexity":0.064516127109527588,"cluster_id":0},{"task":"привет как дела р","response":"Ответ узла: привет как дела р","effectiveness":0.5,"rating":0,"timestamp":1757004875,"complexity":0.064516127109527588,"cluster_id":0},{"task":"привет как дела р 1+1","response":"Ответ узла: привет как дела р 1+1","effectiveness":0.5,"rating":0,"timestamp":1757004887,"complexity":0.12857143580913544,"cluster_id":0},{"task":"1+2","response":"3","effectiveness":1.0,"rating":5,"timestamp":1757004905,"complexity":0.83333331346511841,"cluster_id":0},{"task":"2+2","response":"4","effectiveness":1.0,"rating":0,"timestamp":1757004913,"complexity":0.83333331346511841,"cluster_id":1},{"task":"3*(4+5)","response":"Ответ узла: 3*(4+5)","effectiveness":0.5,"rating":0,"timestamp":1757004913,"complexity":0.8571428656578064,"cluster_id":1},{"task":"2^10","response":"1024","effectiveness":1.0,"rating":0,"timestamp":1757004913,"complexity":0.75,"cluster_id":1},{"task":"1\/0","response":"Ответ узла: 1\/0","effectiveness":0.5,"rating":0,"timestamp":1757004913,"complexity":0.83333331346511841,"cluster_id":0},{"task":"2+2","response":"4","effectiveness":1.0,"rating":0,"timestamp":1757004966,"complexity":0.83333331346511841,"cluster_id":1},{"task":"1+2","response":"3","effectiveness":1.0,"rating":5,"timestamp":1757005072,"complexity":0.83333331346511841,"cluster_id":0},{"task":"1+2*3","response":"7","effectiveness":1.0,"rating":5,"timestamp":1757005091,"complexity":0.80000001192092896,"cluster_id":0},{"task":"1+2*3","response":"7","effectiveness":1.0,"rating":5,"timestamp":1757005111,"complexity":0.80000001192092896,"cluster_id":0},{"task":"привет","response":"Ответ узла: привет","effectiveness":0.5,"rating":0,"timestamp":1757005174,"complexity":0.041666667908430099,"cluster_id":0},{"task":"что умеешь делать","response":"Ответ узла: что умеешь делать","effectiveness":0.5,"rating":0,"timestamp":1757005189,"complexity":0.046875,"cluster_id":1},{"task":"1+1","response":"2","effectiveness":1.0,"rating":5,"timestamp":1757005355,"complexity":0.83333331346511841,"cluster_id":0},{"task":"1+1=","response":"Ответ узла: 1+1=","effectiveness":0.5,"rating":0,"timestamp":1757005361,"complexity":0.875,"cluster_id":0},{"task":"1+1=2","response":"Ответ узла: 1+1=2","effectiveness":0.5,"rating":5,"timestamp":1757005366,"complexity":0.80000001192092896,"cluster_id":0},{"task":"1+1=2=5","response":"Ответ узла: 1+1=2=5","effectiveness":0.5,"rating":0,"timestamp":1757005374,"complexity":0.78571426868438721,"cluster_id":0},{"task":"тест JSON","response":"Ответ узла: тест JSON","effectiveness":0.5,"rating":0,"timestamp":1757005789,"complexity":0.076923079788684845,"cluster_id":1},{"task":"проверка после рестарта","response":"Ответ узла: проверка после рестарта","effectiveness":0.5,"rating":0,"timestamp":1757005802,"complexity":0.034090910106897354,"cluster_id":1},{"task":"привет","response":"Ответ узла: привет","effectiveness":0.5,"rating":0,"timestamp":1757005837,"complexity":0.041666667908430099,"cluster_id":0},{"task":"3-7","response":"-4","effectiveness":1.0,"rating":0,"timestamp":1757005849,"complexity":0.83333331346511841,"cluster_id":1},{"task":"привет","response":"Ответ узла: привет","effectiveness":0.5,"rating":0,"timestamp":1757006553,"complexity":0.041666667908430099,"cluster_id":0},{"task":"аа","response":"Ответ узла: аа","effectiveness":0.5,"rating":5,"timestamp":1757006769,"complexity":0.125,"cluster_id":1},{"task":"аа","response":"Ответ узла: аа","effectiveness":0.5,"rating":0,"timestamp":1757006773,"complexity":0.125,"cluster_id":1},{"task":"аа","response":"Ответ узла: аа","effectiveness":0.5,"rating":0,"timestamp":1757006774,"complexity":0.125,"cluster_id":1},{"task":"аа","response":"Ответ узла: аа","effectiveness":0.5,"rating":0,"timestamp":1757006774,"complexity":0.125,"cluster_id":1},{"task":"аа","response":"Ответ узла: аа","effectiveness":0.5,"rating":0,"timestamp":1757006774,"complexity":0.125,"cluster_id":1},{"task":"привет","response":"Ответ узла: привет","effectiveness":0.5,"rating":0,"timestamp":1757007016,"complexity":0.041666667908430099,"cluster_id":0},{"task":"1+678888","response":"678889","effectiveness":1.0,"rating":5,"timestamp":1757007083,"complexity":0.625,"cluster_id":0},{"task":"678888*45666","response":"31002099408","effectiveness":1.0,"rating":5,"timestamp":1757007100,"complexity":0.58333331346511841,"cluster_id":1},{"task":"2+2","response":"4","effectiveness":1.0,"rating":0,"timestamp":1757008936,"complexity":0.83333331346511841,"cluster_id":1},{"task":"ghbdtn","response":"Ответ узла: ghbdtn","effectiveness":0.5,"rating":0,"timestamp":1757009005,"complexity":0.083333335816860199,"cluster_id":1},{"task":"привет","response":"Ответ узла: привет","effectiveness":0.5,"rating":0,"timestamp":1757009018,"complexity":0.041666667908430099,"cluster_id":0},{"task":"что ты имеешь","response":"Ответ узла: что ты имеешь","effectiveness":0.5,"rating":0,"timestamp":1757009048,"complexity":0.0625,"cluster_id":1},{"task":"колибри","response":"Ответ узла: колибри","effectiveness":0.5,"rating":0,"timestamp":1757009062,"complexity":0.035714287310838699,"cluster_id":1},{"task":"колибри привет","response":"Ответ узла: колибри привет","effectiveness":0.5,"rating":0,"timestamp":1757009071,"complexity":0.037037037312984467,"cluster_id":0},{"task":"как тебя зовут","response":"Ответ узла: как тебя зовут","effectiveness":0.5,"rating":0,"timestamp":1757009090,"complexity":0.057692307978868484,"cluster_id":1},{"task":"как тебя зовут","response":"Ответ узла: как тебя зовут","effectiveness":0.5,"rating":0,"timestamp":1757009223,"complexity":0.057692307978868484,"cluster_id":1},{"task":"как тебя зовут","response":"Ответ узла: как тебя зовут","effectiveness":0.5,"rating":0,"timestamp":1757009224,"complexity":0.057692307978868484,"cluster_id":1},{"task":"как тебя зовут","response":"Ответ узла: как тебя зовут","effectiveness":0.5,"rating":0,"timestamp":1757009225,"complexity":0.057692307978868484,"cluster_id":1},{"task":"как тебя зовут","response":"Ответ узла: как тебя зовут","effectiveness":0.5,"rating":0,"timestamp":1757009225,"complexity":0.057692307978868484,"cluster_id":1},{"task":"как тебя зовут","response":"Ответ узла: как тебя зовут","effectiveness":0.5,"rating":0,"timestamp":1757009226,"complexity":0.057692307978868484,"cluster_id":1},{"task":"как тебя зовут","response":"Ответ узла: как тебя зовут","effectiveness":0.5,"rating":0,"timestamp":1757009226,"complexity":0.057692307978868484,"cluster_id":1},{"task":"как тебя зовут","response":"Ответ узла: как тебя зовут","effectiveness":0.5,"rating":0,"timestamp":1757009226,"complexity":0.057692307978868484,"cluster_id":1},{"task":"как тебя зовут","response":"Ответ узла: как тебя зовут","effectiveness":0.5,"rating":0,"timestamp":1757009227,"complexity":0.057692307978868484,"cluster_id":1},{"task":"как тебя зовут","response":"Ответ узла: как тебя зовут","effectiveness":0.5,"rating":0,"timestamp":1757009227,"complexity":0.057692307978868484,"cluster_id":1},{"task":"как тебя зовут","response":"Ответ узла: как тебя зовут","effectiveness":0.5,"rating":0,"timestamp":1757009227,"complexity":0.057692307978868484,"cluster_id":1},{"task":"как тебя зовут","response":"Ответ узла: как тебя зовут","effectiveness":0.5,"rating":0,"timestamp":1757009228,"complexity":0.057692307978868484,"cluster_id":1},{"task":"как тебя зовут","response":"Ответ узла: как тебя зовут","effectiveness":0.5,"rating":0,"timestamp":1757009228,"complexity":0.057692307978868484,"cluster_id":1},{"task":"как тебя зовут","response":"Ответ узла: как тебя зовут","effectiveness":0.5,"rating":0,"timestamp":1757009233,"complexity":0.057692307978868484,"cluster_id":1},{"task":"126+345","response":"471","effectiveness":1.0,"rating":0,"timestamp":1757009266,"complexity":0.6428571343421936,"cluster_id":1},{"task":"126+345","response":"471","effectiveness":1.0,"rating":0,"timestamp":1757009278,"complexity":0.6428571343421936,"cluster_id":1},{"task":"126+345","response":"471","effectiveness":1.0,"rating":0,"timestamp":1757009286,"complexity":0.6428571343421936,"cluster_id":1},{"task":"126+345","response":"471","effectiveness":1.0,"rating":0,"timestamp":1757009294,"complexity":0.6428571343421936,"cluster_id":1},{"task":"126+345","response":"471","effectiveness":1.0,"rating":0,"timestamp":1757009295,"complexity":0.6428571343421936,"cluster_id":1},{"task":"126+345","response":"471","effectiveness":1.0,"rating":0,"timestamp":1757009295,"complexity":0.6428571343421936,"cluster_id":1},{"task":"126+345","response":"471","effectiveness":1.0,"rating":0,"timestamp":1757009295,"complexity":0.6428571343421936,"cluster_id":1},{"task":"126+345","response":"471","effectiveness":1.0,"rating":0,"timestamp":1757009296,"complexity":0.6428571343421936,"cluster_id":1},{"task":"126+345","response":"471","effectiveness":1.0,"rating":0,"timestamp":1757009296,"complexity":0.6428571343421936,"cluster_id":1},{"task":"126+345","response":"471","effectiveness":1.0,"rating":0,"timestamp":1757009296,"complexity":0.6428571343421936,"cluster_id":1},{"task":"126+345","response":"471","effectiveness":1.0,"rating":0,"timestamp":1757009297,"complexity":0.6428571343421936,"cluster_id":1},{"task":"126+345","response":"471","effectiveness":1.0,"rating":0,"timestamp":1757009297,"complexity":0.6428571343421936,"cluster_id":1},{"task":"126+345","response":"471","effectiveness":1.0,"rating":0,"timestamp":1757009297,"complexity":0.6428571343421936,"cluster_id":1},{"task":"126+345","response":"471","effectiveness":1.0,"rating":0,"timestamp":1757009297,"complexity":0.6428571343421936,"cluster_id":1},{"task":"126+345","response":"471","effectiveness":1.0,"rating":0,"timestamp":1757009298,"complexity":0.6428571343421936,"cluster_id":1},{"task":"126+345","response":"471","effectiveness":1.0,"rating":0,"timestamp":1757009298,"complexity":0.6428571343421936,"cluster_id":1},{"task":"126+345","response":"471","effectiveness":1.0,"rating":0,"timestamp":1757009298,"complexity":0.6428571343421936,"cluster_id":1},{"task":"126+345","response":"471","effectiveness":1.0,"rating":0,"timestamp":1757009299,"complexity":0.6428571343421936,"cluster_id":1},{"task":"126+345","response":"471","effectiveness":1.0,"rating":0,"timestamp":1757009299,"complexity":0.6428571343421936,"cluster_id":1},{"task":"126+345","response":"471","effectiveness":1.0,"rating":0,"timestamp":1757009299,"complexity":0.6428571343421936,"cluster_id":1},{"task":"126+345","response":"471","effectiveness":1.0,"rating":0,"timestamp":1757009300,"complexity":0.6428571343421936,"cluster_id":1},{"task":"126+345","response":"471","effectiveness":1.0,"rating":0,"timestamp":1757009300,"complexity":0.6428571343421936,"cluster_id":1},{"task":"126+345","response":"471","effectiveness":1.0,"rating":0,"timestamp":1757009300,"complexity":0.6428571343421936,"cluster_id":1},{"task":"126+345","response":"471","effectiveness":1.0,"rating":0,"timestamp":1757009301,"complexity":0.6428571343421936,"cluster_id":1},{"task":"126+345","response":"471","effectiveness":1.0,"rating":0,"timestamp":1757009301,"complexity":0.6428571343421936,"cluster_id":1},{"task":"126+345","response":"471","effectiveness":1.0,"rating":0,"timestamp":1757009301,"complexity":0.6428571343421936,"cluster_id":1},{"task":"126+345","response":"471","effectiveness":1.0,"rating":0,"timestamp":1757009302,"complexity":0.6428571343421936,"cluster_id":1},{"task":"126+345","response":"471","effectiveness":1.0,"rating":0,"timestamp":1757009302,"complexity":0.6428571343421936,"cluster_id":1},{"task":"126+345","response":"471","effectiveness":1.0,"rating":0,"timestamp":1757009302,"complexity":0.6428571343421936,"cluster_id":1},{"task":"126+345","response":"471","effectiveness":1.0,"rating":0,"timestamp":1757009303,"complexity":0.6428571343421936,"cluster_id":1},{"task":"126+345","response":"471","effectiveness":1.0,"rating":0,"timestamp":1757009303,"complexity":0.6428571343421936,"cluster_id":1},{"task":"126+345","response":"471","effectiveness":1.0,"rating":0,"timestamp":1757009303,"complexity":0.6428571343421936,"cluster_id":1},{"task":"126+345","response":"471","effectiveness":1.0,"rating":0,"timestamp":1757009303,"complexity":0.6428571343421936,"cluster_id":1},{"task":"126+345","response":"471","effectiveness":1.0,"rating":0,"timestamp":1757009304,"complexity":0.6428571343421936,"cluster_id":1},{"task":"126+345","response":"471","effectiveness":1.0,"rating":0,"timestamp":1757009304,"complexity":0.6428571343421936,"cluster_id":1},{"task":"126+345","response":"471","effectiveness":1.0,"rating":0,"timestamp":1757009304,"complexity":0.6428571343421936,"cluster_id":1},{"task":"126+345","response":"471","effectiveness":1.0,"rating":0,"timestamp":1757009305,"complexity":0.6428571343421936,"cluster_id":1},{"task":"126+345","response":"471","effectiveness":1.0,"rating":0,"timestamp":1757009305,"complexity":0.6428571343421936,"cluster_id":1},{"task":"126+345","response":"471","effectiveness":1.0,"rating":0,"timestamp":1757009305,"complexity":0.6428571343421936,"cluster_id":1},{"task":"126+345","response":"471","effectiveness":1.0,"rating":0,"timestamp":1757009306,"complexity":0.6428571343421936,"cluster_id":1},{"task":"126+345","response":"471","effectiveness":1.0,"rating":0,"timestamp":1757009306,"complexity":0.6428571343421936,"cluster_id":1},{"task":"126+345","response":"471","effectiveness":1.0,"rating":0,"timestamp":1757009306,"complexity":0.6428571343421936,"cluster_id":1},{"task":"126+345","response":"471","effectiveness":1.0,"rating":0,"timestamp":1757009306,"complexity":0.6428571343421936,"cluster_id":1},{"task":"126+345","response":"471","effectiveness":1.0,"rating":0,"timestamp":1757009307,"complexity":0.6428571343421936,"cluster_id":1},{"task":"2+5","response":"7","effectiveness":1.0,"rating":0,"timestamp":1757010417,"complexity":0.83333331346511841,"cluster_id":1},{"task":"2+5","response":"7","effectiveness":1.0,"rating":0,"timestamp":1757010421,"complexity":0.83333331346511841,"cluster_id":1},{"task":"2+5","response":"7","effectiveness":1.0,"rating":0,"timestamp":1757010423,"complexity":0.83333331346511841,"cluster_id":1},{"task":"2+5","response":"7","effectiveness":1.0,"rating":0,"timestamp":1757010424,"complexity":0.83333331346511841,"cluster_id":1},{"task":"2+5","response":"7","effectiveness":1.0,"rating":0,"timestamp":1757010425,"complexity":0.83333331346511841,"cluster_id":1},{"task":"2+5","response":"7","effectiveness":1.0,"rating":0,"timestamp":1757010426,"complexity":0.83333331346511841,"cluster_id":1},{"task":"2+5","response":"7","effectiveness":1.0,"rating":0,"timestamp":1757010426,"complexity":0.83333331346511841,"cluster_id":1},{"task":"2+5","response":"7","effectiveness":1.0,"rating":0,"timestamp":1757010427,"complexity":0.83333331346511841,"cluster_id":1},{"task":"2+5","response":"7","effectiveness":1.0,"rating":0,"timestamp":1757010427,"complexity":0.83333331346511841,"cluster_id":1},{"task":"2+5","response":"7","effectiveness":1.0,"rating":0,"timestamp":1757010428,"complexity":0.83333331346511841,"cluster_id":1},{"task":"2+5","response":"7","effectiveness":1.0,"rating":0,"timestamp":1757010428,"complexity":0.83333331346511841,"cluster_id":1},{"task":"2+5","response":"7","effectiveness":1.0,"rating":0,"timestamp":1757010428,"complexity":0.83333331346511841,"cluster_id":1},{"task":"2+5","response":"7","effectiveness":1.0,"rating":0,"timestamp":1757010429,"complexity":0.83333331346511841,"cluster_id":1},{"task":"2+5","response":"7","effectiveness":1.0,"rating":0,"timestamp":1757010429,"complexity":0.83333331346511841,"cluster_id":1},{"task":"2+5","response":"7","effectiveness":1.0,"rating":0,"timestamp":1757010429,"complexity":0.83333331346511841,"cluster_id":1},{"task":"2+5","response":"7","effectiveness":1.0,"rating":0,"timestamp":1757010429,"complexity":0.83333331346511841,"cluster_id":1},{"task":"2+5","response":"7","effectiveness":1.0,"rating":0,"timestamp":1757010430,"complexity":0.83333331346511841,"cluster_id":1},{"task":"2+5","response":"7","effectiveness":1.0,"rating":0,"timestamp":1757010430,"complexity":0.83333331346511841,"cluster_id":1},{"task":"2+5","response":"7","effectiveness":1.0,"rating":0,"timestamp":1757010430,"complexity":0.83333331346511841,"cluster_id":1},{"task":"2+5","response":"7","effectiveness":1.0,"rating":0,"timestamp":1757010431,"complexity":0.83333331346511841,"cluster_id":1},{"task":"2+5","response":"7","effectiveness":1.0,"rating":0,"timestamp":1757010431,"complexity":0.83333331346511841,"cluster_id":1},{"task":"2+5","response":"7","effectiveness":1.0,"rating":0,"timestamp":1757010431,"complexity":0.83333331346511841,"cluster_id":1},{"task":"2+5","response":"7","effectiveness":1.0,"rating":0,"timestamp":1757010431,"complexity":0.83333331346511841,"cluster_id":1},{"task":"2+5","response":"7","effectiveness":1.0,"rating":0,"timestamp":1757010432,"complexity":0.83333331346511841,"cluster_id":1},{"task":"2+5","response":"7","effectiveness":1.0,"rating":0,"timestamp":1757010437,"complexity":0.83333331346511841,"cluster_id":1},{"task":"2+5","response":"7","effectiveness":1.0,"rating":0,"timestamp":1757010437,"complexity":0.83333331346511841,"cluster_id":1},{"task":"2+5","response":"7","effectiveness":1.0,"rating":0,"timestamp":1757010437,"complexity":0.83333331346511841,"cluster_id":1},{"task":"2+5","response":"7","effectiveness":1.0,"rating":0,"timestamp":1757010438,"complexity":0.83333331346511841,"cluster_id":1},{"task":"2+5","response":"7","effectiveness":1.0,"rating":0,"timestamp":1757010438,"complexity":0.83333331346511841,"cluster_id":1},{"task":"2+5","response":"7","effectiveness":1.0,"rating":0,"timestamp":1757010438,"complexity":0.83333331346511841,"cluster_id":1},{"task":"2+5","response":"7","effectiveness":1.0,"rating":0,"timestamp":1757010438,"complexity":0.83333331346511841,"cluster_id":1},{"task":"2+5","response":"7","effectiveness":1.0,"rating":0,"timestamp":1757010439,"complexity":0.83333331346511841,"cluster_id":1},{"task":"2+5","response":"7","effectiveness":1.0,"rating":0,"timestamp":1757010439,"complexity":0.83333331346511841,"cluster_id":1},{"task":"2+5=7","response":"Ответ узла: 2+5=7","effectiveness":0.5,"rating":0,"timestamp":1757010445,"complexity":0.80000001192092896,"cluster_id":1},{"task":"2+5=7","response":"Ответ узла: 2+5=7","effectiveness":0.5,"rating":0,"timestamp":1757010447,"complexity":0.80000001192092896,"cluster_id":1},{"task":"2+5=7","response":"Ответ узла: 2+5=7","effectiveness":0.5,"rating":0,"timestamp":1757010447,"complexity":0.80000001192092896,"cluster_id":1},{"task":"2+5=7","response":"Ответ узла: 2+5=7","effectiveness":0.5,"rating":0,"timestamp":1757010448,"complexity":0.80000001192092896,"cluster_id":1},{"task":"2+2","response":"4","effectiveness":1.0,"rating":0,"timestamp":1757010576,"complexity":0.83333331346511841,"cluster_id":1},{"task":"Напиши короткий стих о космосе","response":"Ответ узла: Напиши короткий стих о космосе","effectiveness":0.5,"rating":0,"timestamp":1757010669,"complexity":0.0446428582072258,"cluster_id":1},{"task":"kolibri@MacBook-Air-Vladislav kolibriai % tail -n 50 \/tmp\/web_interface.log [2025-09-04 21:27:37] REQ GET \/api\/v1\/events [2025-09-04 21:27:40] REQ GET \/api\/v1\/events [2025-09-04 21:27:43] REQ GET \/api\/v1\/events [2025-09-04 21:27:46] REQ GET \/api\/v1\/events [2025-09-04 21:27:50] REQ GET \/api\/v1\/events [2025-09-04 21:27:53] REQ GET \/api\/v1\/events [2025-09-04 21:27:56] REQ GET \/api\/v1\/events [2025-09-04 21:27:59] REQ GET \/api\/v1\/events [2025-09-04 21:28:02] REQ GET \/api\/v1\/events [2025-09-04 21:28:25] REQ GET \/api\/v1\/events [2025-09-04 21:28:28] REQ GET \/api\/v1\/events [2025-09-04 21:28:31] REQ GET \/api\/v1\/events [2025-09-04 21:28:34] REQ GET \/api\/v1\/events [2025-09-04 21:28:37] REQ GET \/api\/v1\/events [2025-09-04 21:28:41] REQ GET \/api\/v1\/events [2025-09-04 21:29:29] REQ GET \/api\/v1\/events [2025-09-04 21:29:32] REQ GET \/api\/v1\/events [2025-09-04 21:29:35] REQ GET \/api\/v1\/events [2025-09-04 21:29:36] REQ POST \/api\/v1\/solve [2025-09-04 21:29:36] REQ POST \/api\/v1\/solve [2025-09-04 21:29:36] REQ POST \/api\/v1\/solve [2025-09-04 21:29:38] REQ GET \/api\/v1\/events [2025-09-04 21:29:41] REQ GET \/api\/v1\/events [2025-09-04 21:29:44] REQ GET \/api\/v1\/events [2025-09-04 21:29:47] REQ GET \/api\/v1\/events [2025-09-04 21:29:51] REQ GET \/api\/v1\/events [2025-09-04 21:29:54] REQ GET \/api\/v1\/events [2025-09-04 21:29:57] REQ GET \/api\/v1\/events [2025-09-04 21:30:00] REQ GET \/api\/v1\/events [2025-09-04 21:31:03] REQ GET \/api\/v1\/events [2025-09-04 21:31:06] REQ GET \/api\/v1\/events [2025-09-04 21:31:09] REQ GET \/api\/v1\/events [2025-09-04 21:31:09] REQ POST \/api\/v1\/solve [2025-09-04 21:31:09] REQ POST \/api\/v1\/solve [2025-09-04 21:31:09] REQ POST \/api\/v1\/solve [2025-09-04 21:31:12] REQ GET \/api\/v1\/events [2025-09-04 21:31:15] REQ GET \/api\/v1\/events [2025-09-04 21:31:18] REQ GET \/api\/v1\/events [2025-09-04 21:31:21] REQ GET \/api\/v1\/events [2025-09-04 21:31:24] REQ GET \/api\/v1\/events [2025-09-04 21:31:27] REQ GET \/api\/v1\/events [2025-09-04 21:31:31] REQ GET \/api\/v1\/events [2025-09-04 21:31:34] REQ GET \/api\/v1\/events [2025-09-04 21:32:12] REQ GET \/api\/v1\/events [2025-09-04 21:32:15] REQ GET \/api\/v1\/events [2025-09-04 21:32:18] REQ GET \/api\/v1\/events [2025-09-04 21:32:21] REQ GET \/api\/v1\/events [2025-09-04 21:32:24] REQ GET \/api\/v1\/events [2025-09-04 21:32:27] REQ GET \/api\/v1\/events [2025-09-04 21:32:30] REQ GET \/api\/v1\/events kolibri@MacBook-Air-Vladislav kolibriai %","response":"Ответ узла: kolibri@MacBook-Air-Vladislav kolibriai % tail -n 50 \/tmp\/web_interface.log [2025-09-04 21:27:37] REQ GET \/api\/v1\/events [2025-09-04 21:27:40] REQ GET \/api\/v1\/events [2025-09-04 21:27:43] REQ GET \/api\/v1\/events [2025-09-04 21:27:46] REQ GET \/api\/v1\/events [2025-09-04 21:27:50] REQ GET \/api\/v1\/events [2025-09-04 21:27:53] REQ GET \/api\/v1\/events [2025-09-04 21:27:56] REQ GET \/api\/v1\/events [2025-09-04 21:27:59] REQ GET \/api\/v1\/events [2025-09-04 21:28:02] REQ GET \/api\/v1\/events [2025-09-04 21:28:25] REQ GET \/api\/v1\/events [2025-09-04 21:28:28] REQ GET \/api\/v1\/events [2025-09-04 21:28:31] REQ GET \/api\/v1\/events [2025-09-04 21:28:34] REQ GET \/api\/v1\/events [2025-09-04 21:28:37] REQ GET \/api\/v1\/events [2025-09-04 21:28:41] REQ GET \/api\/v1\/events [2025-09-04 21:29:29] REQ GET \/api\/v1\/events [2025-09-04 21:29:32] REQ GET \/api\/v1\/events [2025-09-04 21:29:35] REQ GET \/api\/v1\/events [2025-09-04 21:29:36] REQ POST \/api\/v1\/solve [2025-09-04 21:29:36] REQ POST \/api\/v1\/solve [2025-09-04 21:29:36] REQ ","effectiveness":0.5,"rating":0,"timestamp":1757010779,"complexity":0.36459654569625854,"cluster_id":1},{"task":"1","response":"1","effectiveness":1.0,"rating":0,"timestamp":1757011383,"complexity":1.0,"cluster_id":0},{"task":"2","response":"2","effectiveness":1.0,"rating":0,"timestamp":1757011400,"complexity":1.0,"cluster_id":1},{"task":"2","response":"2","effectiveness":1.0,"rating":0,"timestamp":1757011404,"complexity":1.0,"cluster_id":1},{"task":"2","response":"2","effectiveness":1.0,"rating":0,"timestamp":1757011405,"complexity":1.0,"cluster_id":1},{"task":"2","response":"2","effectiveness":1.0,"rating":0,"timestamp":1757011405,"complexity":1.0,"cluster_id":1},{"task":"2","response":"2","effectiveness":1.0,"rating":0,"timestamp":1757011406,"complexity":1.0,"cluster_id":1},{"task":"2","response":"2","effectiveness":1.0,"rating":0,"timestamp":1757011406,"complexity":1.0,"cluster_id":1},{"task":"2","response":"2","effectiveness":1.0,"rating":0,"timestamp":1757011406,"complexity":1.0,"cluster_id":1},{"task":"2","response":"2","effectiveness":1.0,"rating":0,"timestamp":1757011407,"complexity":1.0,"cluster_id":1},{"task":"2","response":"2","effectiveness":1.0,"rating":0,"timestamp":1757011408,"complexity":1.0,"cluster_id":1},{"task":"2","response":"2","effectiveness":1.0,"rating":0,"timestamp":1757011408,"complexity":1.0,"cluster_id":1},{"task":"2","response":"2","effectiveness":1.0,"rating":0,"timestamp":1757011409,"complexity":1.0,"cluster_id":1},{"task":"2","response":"2","effectiveness":1.0,"rating":0,"timestamp":1757011409,"complexity":1.0,"cluster_id":1},{"task":"2","response":"2","effectiveness":1.0,"rating":0,"timestamp":1757011409,"complexity":1.0,"cluster_id":1},{"task":"2","response":"2","effectiveness":1.0,"rating":0,"timestamp":1757011410,"complexity":1.0,"cluster_id":1},{"task":"2","response":"2","effectiveness":1.0,"rating":0,"timestamp":1757011410,"complexity":1.0,"cluster_id":1},{"task":"2","response":"2","effectiveness":1.0,"rating":0,"timestamp":1757011410,"complexity":1.0,"cluster_id":1},{"task":"2","response":"2","effectiveness":1.0,"rating":0,"timestamp":1757011411,"complexity":1.0,"cluster_id":1},{"task":"2","response":"2","effectiveness":1.0,"rating":0,"timestamp":1757011411,"complexity":1.0,"cluster_id":1},{"task":"2","response":"2","effectiveness":1.0,"rating":0,"timestamp":1757011411,"complexity":1.0,"cluster_id":1},{"task":"2","response":"2","effectiveness":1.0,"rating":0,"timestamp":1757011412,"complexity":1.0,"cluster_id":1},{"task":"2","response":"2","effectiveness":1.0,"rating":0,"timestamp":1757011412,"complexity":1.0,"cluster_id":1},{"task":"2","response":"2","effectiveness":1.0,"rating":0,"timestamp":1757011412,"complexity":1.0,"cluster_id":1},{"task":"2","response":"2","effectiveness":1.0,"rating":0,"timestamp":1757011412,"complexity":1.0,"cluster_id":1},{"task":"2","response":"2","effectiveness":1.0,"rating":0,"timestamp":1757011413,"complexity":1.0,"cluster_id":1},{"task":"2","response":"2","effectiveness":1.0,"rating":0,"timestamp":1757011413,"complexity":1.0,"cluster_id":1},{"task":"2","response":"2","effectiveness":1.0,"rating":0,"timestamp":1757011413,"complexity":1.0,"cluster_id":1},{"task":"2","response":"2","effectiveness":1.0,"rating":0,"timestamp":1757011414,"complexity":1.0,"cluster_id":1},{"task":"2","response":"2","effectiveness":1.0,"rating":0,"timestamp":1757011414,"complexity":1.0,"cluster_id":1},{"task":"2","response":"2","effectiveness":1.0,"rating":0,"timestamp":1757011414,"complexity":1.0,"cluster_id":1},{"task":"2","response":"2","effectiveness":1.0,"rating":0,"timestamp":1757011414,"complexity":1.0,"cluster_id":1},{"task":"2324","response":"2324","effectiveness":1.0,"rating":0,"timestamp":1757011422,"complexity":0.625,"cluster_id":1},{"task":"1","response":"1","effectiveness":1.0,"rating":0,"timestamp":1757012275,"complexity":1.0,"cluster_id":0},{"task":"1","response":"1","effectiveness":1.0,"rating":0,"timestamp":1757012277,"complexity":1.0,"cluster_id":0},{"task":"1","response":"1","effectiveness":1.0,"rating":0,"timestamp":1757012277,"complexity":1.0,"cluster_id":0},{"task":"пр","response":"Ответ узла: пр","effectiveness":0.5,"rating":0,"timestamp":1757012316,"complexity":0.125,"cluster_id":1},{"task":"тестовая задача","response":"Ответ узла: тестовая задача","effectiveness":0.5,"rating":0,"timestamp":1757012453,"complexity":0.034482758492231369,"cluster_id":1},{"task":"привет","response":"Ответ узла: привет","effectiveness":0.5,"rating":0,"timestamp":1757012990,"complexity":0.041666667908430099,"cluster_id":0},{"task":"34","response":"34","effectiveness":1.0,"rating":0,"timestamp":1757013433,"complexity":0.75,"cluster_id":1},{"task":"34","response":"34","effectiveness":1.0,"rating":0,"timestamp":1757013436,"complexity":0.75,"cluster_id":1},{"task":"34","response":"34","effectiveness":1.0,"rating":0,"timestamp":1757013436,"complexity":0.75,"cluster_id":1},{"task":"34","response":"34","effectiveness":1.0,"rating":0,"timestamp":1757013437,"complexity":0.75,"cluster_id":1},{"task":"34","response":"34","effectiveness":1.0,"rating":0,"timestamp":1757013438,"complexity":0.75,"cluster_id":1},{"task":"34","response":"34","effectiveness":1.0,"rating":0,"timestamp":1757013438,"complexity":0.75,"cluster_id":1},{"task":"34","response":"34","effectiveness":1.0,"rating":0,"timestamp":1757013438,"complexity":0.75,"cluster_id":1},{"task":"34","response":"34","effectiveness":1.0,"rating":0,"timestamp":1757013439,"complexity":0.75,"cluster_id":1},{"task":"34","response":"34","effectiveness":1.0,"rating":0,"timestamp":1757013439,"complexity":0.75,"cluster_id":1},{"task":"34","response":"34","effectiveness":1.0,"rating":0,"timestamp":1757013439,"complexity":0.75,"cluster_id":1},{"task":"34","response":"34","effectiveness":1.0,"rating":0,"timestamp":1757013439,"complexity":0.75,"cluster_id":1},{"task":"34","response":"34","effectiveness":1.0,"rating":0,"timestamp":1757013440,"complexity":0.75,"cluster_id":1},{"task":"34","response":"34","effectiveness":1.0,"rating":0,"timestamp":1757013440,"complexity":0.75,"cluster_id":1},{"task":"34","response":"34","effectiveness":1.0,"rating":0,"timestamp":1757013440,"complexity":0.75,"cluster_id":1},{"task":"34","response":"34","effectiveness":1.0,"rating":0,"timestamp":1757013440,"complexity":0.75,"cluster_id":1},{"task":"4567*678","response":"3096426","effectiveness":1.0,"rating":0,"timestamp":1757056972,"complexity":0.625,"cluster_id":1},{"task":"ghbdtn","response":"Ответ узла: ghbdtn","effectiveness":0.5,"rating":0,"timestamp":1757079242,"complexity":0.083333335816860199,"cluster_id":1},{"task":"привет","response":"Ответ узла: привет","effectiveness":0.5,"rating":0,"timestamp":1757079260,"complexity":0.041666667908430099,"cluster_id":0},{"task":"345\/2","response":"172.5","effectiveness":1.0,"rating":0,"timestamp":1757079277,"complexity":0.69999998807907104,"cluster_id":1},{"task":"345\/126","response":"2.73809524","effectiveness":1.0,"rating":0,"timestamp":1757079288,"complexity":0.6428571343421936,"cluster_id":1},{"task":"3456\/65*3456","response":"183752.86153846","effectiveness":1.0,"rating":0,"timestamp":1757079322,"complexity":0.625,"cluster_id":1}]